{"cameraMode":{"drawMode":0,"name":"Shaded","section":"Shading Mode"},"sceneLighting":false,"audioPlay":false,"sceneViewState":{"m_AlwaysRefresh":false,"showFog":true,"showSkybox":false,"showFlares":true,"showImageEffects":true,"showParticleSystems":true,"showVisualEffectGraphs":true,"m_FxEnabled":true},"in2DMode":false,"pivot":{"x":0.3337780237197876,"y":-0.13039183616638184,"z":-0.9023377299308777},"rotation":{"x":-0.13886627554893495,"y":-0.6852958798408508,"z":0.1355714052915573,"w":-0.7019352316856384},"size":0.8333543539047241,"orthographic":false}