{"cameraMode":{"drawMode":0,"name":"Shaded","section":"Shading Mode"},"sceneLighting":true,"audioPlay":false,"sceneViewState":{"m_AlwaysRefresh":false,"showFog":true,"showSkybox":true,"showFlares":true,"showImageEffects":true,"showParticleSystems":true,"showVisualEffectGraphs":true,"m_FxEnabled":true},"in2DMode":false,"pivot":{"x":0.6649419069290161,"y":-0.43844497203826907,"z":1.9912846088409424},"rotation":{"x":-0.3900715708732605,"y":0.11062750965356827,"z":-0.047273796051740649,"w":-0.912895917892456},"size":5.0277791023254398,"orthographic":false}